Title,Description,Source
AI Models with Advanced Reasoning,"AI models are becoming faster, more efficient, and capable of advanced reasoning, enabling complex problem solving in science, coding, law, and medicine.","Microsoft News"
Multimodal Machine Learning,"Integration of multiple input types like text, images, and sound to mimic human sensory processing, enabling tasks like image captioning and visual question answering.","Mobidev"
AI Reasoning and Custom Silicon,"Focus on AI reasoning capabilities, custom silicon chips, cloud migrations, and building agentic AI for enterprises.","Morgan Stanley"
Real-Time Data Processing and Edge Computing,"Advancements in edge computing to process data closer to the source, reducing latency for applications like healthcare and autonomous vehicles.","Graphite Note"
Quantum AI and Brain-Computer Interfaces,"Breakthroughs in quantum AI chips and brain-computer interfaces enabling new computational capabilities and human-machine interaction.","Softude"
Multi-Modal and Real-World Integration,"AI systems understanding and integrating text, images, audio, and real-world environments simultaneously for smarter applications.","BigRock"
Advanced NLP and Conversational AI,"NLP technologies with improved context understanding, emotional intelligence, and multilingual capabilities enhancing user interactions.","Trigyn Technologies"
Blockchain and 5G Enhancements for ML,"Use of blockchain for secure data exchanges and 5G for faster data transmission enabling scalable and secure ML applications.","DATAVERSITY"
AI in Healthcare and Drug Discovery,"AI's role in healthcare, from diagnostics to drug discovery, leveraging large datasets for better patient outcomes.","HealthTech News"
AI in Autonomous Systems,"AI's integration into autonomous systems for real-time decision making, navigation, and control in various industries.","Tech Innovations"